search_text,price,min_order,title,link
AQDS,$7.00,100.0 Pieces,X3 MAX S905W 2gb 16gb Android Tv Box 9.0 Smart TV Box 2.4Ghz Wifi HDR 8K H.265 X3MAX for xiaomi Mi box X96 TX3 H96,https://www.alibaba.com/product-detail/X3-MAX-S905W-2gb-16gb-Android_62542420884.html?s=p
AQDS,,1 Set,Best Price High Quality Pneumatic Strapping Tool AQD 19/A25/XQD19 For PP/PET Banding Tool To India Market,https://www.alibaba.com/product-detail/Best-Price-High-Quality-Pneumatic-Strapping_1600150255261.html
AQDS,,1500.0 Units,"Engine piston for VW V6 2.8L DOHC ACK (97-20) Passat 4 MOTION. Audi V6 2.8L DOHC APR, ATX, AQD , AMX(1999-03) A4, A6, S6 Mexico a",https://www.alibaba.com/product-detail/Engine-piston-for-VW-V6-2_1600066420245.html
AQDS,,1 Set,Pneumatic Strapping tools AQD 19,https://www.alibaba.com/product-detail/Pneumatic-Strapping-tools-AQD-19_1600249206909.html
AQDS,,1.0 Pieces,a see through 21.5 inch transparent lcd from shenzhen manufacturer,https://www.alibaba.com/product-detail/a-see-through-21-5-inch_60441104648.html
AQDS,,1.0 Units,AQD outboard motor 18HP T18,https://www.alibaba.com/product-detail/AQD-outboard-motor-18HP-T18_60410128589.html
AQDS,,10 Sets,XQD AQD pet strap welding tool hanfheld pneumatic strapping tools,https://www.alibaba.com/product-detail/XQD-AQD-pet-strap-welding-tool_60861356883.html
Ag Silver Bullion,,100.0 Pieces,Custom business gift brass metal embossed eagle silver plating bullion 10 ounces ag999 1oz pure fine gold bar bullion,https://www.alibaba.com/product-detail/Custom-business-gift-brass-metal-embossed_60412773217.html
Ag Silver Bullion,,100 Pieces,cheap business gift custom brass metal embossed eagle silver plating bullion 10 ounces ag999 1 oz pure fine silver bar,https://www.alibaba.com/product-detail/cheap-business-gift-custom-brass-metal_60825499141.html
Ag Silver Bullion,,100 Pieces,Customized American 3D Die Casting Pure .999 ag Silver Ingot and Gold Bullion Investment companies Coin Ingot,https://www.alibaba.com/product-detail/Customized-American-3D-Die-Casting-Pure_1600208423269.html
Ag Silver Bullion,,5 Pieces,Custom 1/2 oz silver coin /Art&Collectible Use and Plated Technique ag 999 silver coin,https://www.alibaba.com/product-detail/Custom-1-2-oz-silver-coin_60612307636.html
Ag Silver Bullion,,1 Piece,Metal Material and Business Gift Use 999 pure silver bullion,https://www.alibaba.com/product-detail/Metal-Material-and-Business-Gift-Use_60536374287.html
Ag Silver Bullion,,100.0 Pieces,Customized American USA Old Solid Gold Silver Bullion Colored Eagle Personal Coin no minimum,https://www.alibaba.com/product-detail/Customized-American-USA-Old-Solid-Gold_60692329862.html
Ag Silver Bullion,,1 Piece,silver metal 1 Gram 999 Fine Silver Scorpion Bullion Bars A017,https://www.alibaba.com/product-detail/silver-metal-1-Gram-999-Fine_1600213447905.html
Al Al-2024,"$1,770.81",1.0 Metric Tons,High quality ASTM JIS GB roller aluminum 2011 2014 2014A 2017 2017A 2117 2218 2618 2219 2024 2000 series al coil supplier price,https://www.alibaba.com/product-detail/High-quality-ASTM-JIS-GB-roller_1600357062131.html?s=p
Al Al-2024,$1.00,300.0 Kilograms,Al 7050 7005 Aluminum Sheet 2024 T4 5075 T6 3105 Aa1100 H26 Price Per Ton,https://www.alibaba.com/product-detail/Al-7050-7005-Aluminum-Sheet-2024_1600384395233.html
Al Al-2024,"$3,000.00",1 Ton,Alumino Metal Aluminium Alloy Plate Al 6061 t6 Aluminum Sheet,https://www.alibaba.com/product-detail/Alumino-Metal-Aluminium-Alloy-Plate-Al_1600486117900.html
Al Al-2024,,1.0 Tons,AL ! aluminum sheet 0.7mm Chinese Aluminum Plate Sheet 1050,https://www.alibaba.com/product-detail/AL-aluminum-sheet-0-7mm-Chinese_1600242468972.html
Al Al-2024,"$2,500.00",3 Tons,China High Quality a5052 h32 aluminum sheet al 5052 aluminum sheet 2024 t3,https://www.alibaba.com/product-detail/China-High-Quality-a5052-h32-aluminum_1600493385340.html
Al Al-2024,"$2,650.00",1 Ton,3003 a5052 Aluminum Plate Sheet 2024 alluminio prezzo al kg,https://www.alibaba.com/product-detail/3003-a5052-Aluminum-Plate-Sheet-2024_1600240619671.html
Al Al-2024,"$2,199.00",5.0 Tons,Aluminium Sheet 5052 F 5083 H321 5754 H111 Alu Plates 2024 Anodized Al Sheets,https://www.alibaba.com/product-detail/Aluminium-Sheet-5052-F-5083-H321_1600492486114.html
Al Al-6061-T6,$2.10,50 Kilograms,China Suppliers Al 6061 6082 7050 7075 T6 Aluminium Sheet Price Per KG,https://www.alibaba.com/product-detail/China-Suppliers-Al-6061-6082-7050_60777893426.html?s=p
Al Al-6061-T6,"$2,900.00",8 Metric Tons,Al Aluminium Sheet 6061 T6 GB Standard 6061 7075 Alloy T6 Aluminum Sheet Plate AL Price Per Kg,https://www.alibaba.com/product-detail/Al-Aluminium-Sheet-6061-T6-GB_60773038393.html?s=p
Al Al-6061-T6,"$1,000.00",1 Ton,Al Aluminum Sheet Price Alumino Metal Alloy Plate Al 6061 T6 Aluminum Sheet,https://www.alibaba.com/product-detail/Al-Aluminum-Sheet-Price-Alumino-Metal_1600472582285.html?s=p
Al Al-6061-T6,$3.00,500 Kilograms,Al Lower Price Wholesale 6061 T6 T4 T8 T651 Al Alloy Metal 6061-t6 Alu T6061 Aluminum Sheet Plate Per Kg Per Pound,https://www.alibaba.com/product-detail/Al-Lower-Price-Wholesale-6061-T6_1600461022231.html?s=p
Al Al-6061-T6,"$2,500.00",1.0 Tons,Al Aluminium Sheet 6061 T6 6061 T6 T4 T8 T651 Al Alloy Metal 6061-t6 Alu T6061 Aluminum Sheet Plate Per Kg Per Pound,https://www.alibaba.com/product-detail/Al-Aluminium-Sheet-6061-T6-6061_1600332573269.html?s=p
Al Al-6061-T6,$4.34,4 Kilograms,Alumino Metal Aluminium Alloy Plate Al 6061 t6 Aluminum Sheet,https://www.alibaba.com/product-detail/Alumino-Metal-Aluminium-Alloy-Plate-Al_62197024835.html
Al Al-6061-T6,$1.00,300.0 Kilograms,6061 T6 T4 T8 T651 Al Alloy Metal 6061-t6 Alu T6061 Aluminum Sheet Plate Per Kg Per Poun,https://www.alibaba.com/product-detail/6061-T6-T4-T8-T651-Al_1600383987909.html
Al Al-7075-T6,$1.35,2000 Kilograms,High Strength Al 7050 7075 6062 T6 Aluminum Sheet KG Price,https://www.alibaba.com/product-detail/High-Strength-Al-7050-7075-6062_1600349109198.html?s=p
Al Al-7075-T6,,1000.0 Kilograms,Al 3.5mm Thick Al 7075 O T6 Aluminum Sheet For Mould Making,https://www.alibaba.com/product-detail/Al-3-5mm-Thick-Al-7075_1600383873530.html?s=p
Al Al-7075-T6,$4.88,2 Kilograms,Al Aluminum Sheet 7075 Al 7075 T6 Aluminium Block Cnc 7075 T651 Alloy Aluminum Steel Sheet,https://www.alibaba.com/product-detail/Al-Aluminum-Sheet-7075-Al-7075_62200190832.html?s=p
Al Al-7075-T6,"$1,500.00",1 Ton,Made in China 1050 1060 1100 3003 5052 6061 7075 8011 Aluminum Sheet Aluminum Metal Al 6061 t6 Aluminum Sheet,https://www.alibaba.com/product-detail/Made-in-China-1050-1060-1100_1600480819347.html
Al Al-7075-T6,$2.10,50 Kilograms,China Suppliers Al 6061 6082 7050 7075 T6 Aluminium Sheet Price Per KG,https://www.alibaba.com/product-detail/China-Suppliers-Al-6061-6082-7050_60777893426.html
Al Al-7075-T6,"$2,200.00",1 Ton,Alumino Metal Aluminium Alloy Plate Al 6061 A6061 T651 t6 Aluminum Sheet,https://www.alibaba.com/product-detail/Alumino-Metal-Aluminium-Alloy-Plate-Al_1600480566817.html
Al Al-7075-T6,,1.0 Tons,AL ! aluminum sheet 0.7mm Chinese Aluminum Plate Sheet 1050,https://www.alibaba.com/product-detail/AL-aluminum-sheet-0-7mm-Chinese_1600242468972.html
